year, month,carrier,carrier_name,airport,airport_name,arr_flights,arr_del15,carrier_ct, weather_ct,nas_ct,security_ct,late_aircraft_ct,arr_cancelled,arr_diverted, arr_delay, carrier_delay,weather_delay,nas_delay,security_delay,late_aircraft_delay
2019,1,NK,Spirit Air Lines,BOS,"Boston, MA: Logan International",399,70,7.84,2.06,42.67,0,17.43,19,2,6608,391,335,4663,0,1219
2019,1,OO,SkyWest Airlines Inc.,BOS,"Boston, MA: Logan International",234,46,3.8,5.95,17.62,0,18.64,18,0,5702,634,1568,1378,0,2122
2019,1,UA,United Air Lines Inc.,BOS,"Boston, MA: Logan International",951,225,48.57,10.02,103.57,0,62.85,36,1,22281,3622,977,10961,0,6721
2019,1,WN,Southwest Airlines Co.,BOS,"Boston, MA: Logan International",739,137,48.35,8.54,42.18,1.44,36.5,69,5,7890,2350,588,2843,106,2003
2019,1,YV,Mesa Airlines Inc.,BOS,"Boston, MA: Logan International",12,2,1,0,1,0,0,2,0,49,34,0,15,0,0
2019,1,YX,Republic Airline,BOS,"Boston, MA: Logan International",531,136,27.93,4.58,63.26,0,40.23,32,1,9662,2067,522,3748,0,3325
2019,2,9E,Endeavor Air Inc.,BOS,"Boston, MA: Logan International",428,80,8.74,3.3,31.68,0,36.28,21,0,5750,953,177,1505,0,3115
2019,2,AA,American Airlines Inc.,BOS,"Boston, MA: Logan International",2044,481,117.27,19.94,185.28,1.08,157.43,72,0,28489,7674,1412,8958,25,10420
2019,2,AS,Alaska Airlines Inc.,BOS,"Boston, MA: Logan International",184,35,11.99,1.31,14.54,0,7.16,2,0,2790,1036,140,1067,0,547
2019,2,B6,JetBlue Airways,BOS,"Boston, MA: Logan International",3910,1127,277.31,11.31,274.06,2.84,561.47,75,3,100101,26304,2172,18408,102,53115
2019,2,DL,Delta Air Lines Inc.,BOS,"Boston, MA: Logan International",1327,325,72.94,10.62,126.55,0.86,114.03,10,0,26662,7327,3728,6347,113,9147
2019,2,EV,ExpressJet Airlines Inc.,BOS,"Boston, MA: Logan International",68,21,10.8,0,4.76,0,5.43,4,0,1521,917,0,352,0,252
2019,2,MQ,Envoy Air,BOS,"Boston, MA: Logan International",56,9,2.97,0,2.03,0,4,7,0,573,128,0,124,0,321
2019,2,NK,Spirit Air Lines,BOS,"Boston, MA: Logan International",351,69,15.4,0.56,33.34,0,19.7,3,0,6105,1644,30,2183,0,2248
2019,2,OO,SkyWest Airlines Inc.,BOS,"Boston, MA: Logan International",227,50,3.54,5.25,20.59,0,20.62,7,0,4482,449,1089,938,0,2006
2019,2,UA,United Air Lines Inc.,BOS,"Boston, MA: Logan International",888,184,33.63,8.2,85.94,0,56.23,6,0,13354,3246,778,4955,0,4375
2019,2,WN,Southwest Airlines Co.,BOS,"Boston, MA: Logan International",624,142,65.61,3.16,26.74,0,46.49,33,0,10438,5322,292,1667,0,3157
2019,2,YV,Mesa Airlines Inc.,BOS,"Boston, MA: Logan International",6,2,1,0,1,0,0,1,0,143,125,0,18,0,0
2019,2,YX,Republic Airline,BOS,"Boston, MA: Logan International",396,81,16.27,4.36,36.61,0,23.76,19,0,5780,1236,477,2058,0,2009
2019,3,9E,Endeavor Air Inc.,BOS,"Boston, MA: Logan International",695,109,24.11,2.79,38.82,0,43.29,20,0,10346,2297,263,3856,0,3930
2019,3,AA,American Airlines Inc.,BOS,"Boston, MA: Logan International",2269,409,118.69,10.47,133.55,1.07,145.21,85,4,23439,6884,1021,5771,23,9740
2019,3,AS,Alaska Airlines Inc.,BOS,"Boston, MA: Logan International",208,52,11.55,0.1,30.37,0,9.98,6,1,3465,769,2,2445,0,249
2019,3,B6,JetBlue Airways,BOS,"Boston, MA: Logan International",4709,1066,287.84,3.87,268.81,0.21,505.28,135,15,101415,24759,227,24233,8,52188
2019,3,DL,Delta Air Lines Inc.,BOS,"Boston, MA: Logan International",1508,249,63.71,16.14,86.34,0,82.8,0,7,27155,3874,6130,8835,0,8316
2019,3,EV,ExpressJet Airlines Inc.,BOS,"Boston, MA: Logan International",19,7,3.19,0,0.99,0,2.81,3,0,429,186,0,52,0,191
2019,3,MQ,Envoy Air,BOS,"Boston, MA: Logan International",62,6,0.14,0.82,3.04,0,2,2,0,255,5,35,131,0,84
2019,3,NK,Spirit Air Lines,BOS,"Boston, MA: Logan International",416,73,13.7,0,35.6,0,23.7,16,0,5656,715,0,2862,0,2079
2019,3,OO,SkyWest Airlines Inc.,BOS,"Boston, MA: Logan International",296,49,8.49,1.78,17.99,0,20.73,5,0,5432,728,719,2245,0,1740
2019,3,UA,United Air Lines Inc.,BOS,"Boston, MA: Logan International",1104,239,48.45,6.67,95.14,0.73,88.01,26,1,19585,3702,858,6056,35,8934
2019,3,WN,Southwest Airlines Co.,BOS,"Boston, MA: Logan International",775,117,52.85,0.38,25.1,0,38.67,73,4,7259,3208,37,1237,0,2777
2019,3,YV,Mesa Airlines Inc.,BOS,"Boston, MA: Logan International",9,0,0,0,0,0,0,0,0,0,0,0,0,0,0
2019,3,YX,Republic Airline,BOS,"Boston, MA: Logan International",660,115,37.82,1.21,39.91,0,36.07,16,0,8947,3957,164,2452,0,2374
2019,4,9E,Endeavor Air Inc.,BOS,"Boston, MA: Logan International",765,199,31.04,4.67,104.83,0,58.47,13,0,15286,2289,857,7356,0,4784
2019,4,AA,American Airlines Inc.,BOS,"Boston, MA: Logan International",2311,545,127.85,15.55,233.99,1.15,166.46,66,3,34277,8517,1071,12240,38,12411
2019,4,AS,Alaska Airlines Inc.,BOS,"Boston, MA: Logan International",229,42,6.6,0,31.25,0,4.15,3,0,2616,364,0,2005,0,247
2019,4,B6,JetBlue Airways,BOS,"Boston, MA: Logan International",4580,1299,260.07,8.71,523.63,0.31,506.29,55,10,104978,23138,1504,36454,14,43868
2019,4,DL,Delta Air Lines Inc.,BOS,"Boston, MA: Logan International",1476,351,78.23,8.58,186.12,0.16,77.91,3,3,26708,7770,1187,10751,56,6944
2019,4,EV,ExpressJet Airlines LLC,BOS,"Boston, MA: Logan International",8,4,1.42,0,2.58,0,0,0,0,96,39,0,57,0,0
2019,4,F9,Frontier Airlines Inc.,BOS,"Boston, MA: Logan International",9,1,0,0,1,0,0,0,0,24,0,0,24,0,0
2019,4,HA,Hawaiian Airlines Inc.,BOS,"Boston, MA: Logan International",20,7,7,0,0,0,0,0,0,269,269,0,0,0,0
2019,4,MQ,Envoy Air,BOS,"Boston, MA: Logan International",34,5,0.97,0,2.41,0,1.62,4,0,218,42,0,87,0,89
2019,4,NK,Spirit Air Lines,BOS,"Boston, MA: Logan International",448,109,20.68,3.61,60.02,0.51,24.18,10,0,8636,1845,415,4346,24,2006
2019,4,OO,SkyWest Airlines Inc.,BOS,"Boston, MA: Logan International",264,66,12.85,4.18,25.99,0,22.98,8,0,4398,906,229,1825,0,1438
2019,4,UA,United Air Lines Inc.,BOS,"Boston, MA: Logan International",1181,289,57.53,5.57,133.78,0,92.12,11,7,23365,4266,563,9507,0,9029
2019,4,WN,Southwest Airlines Co.,BOS,"Boston, MA: Logan International",910,229,65.07,4.95,81.18,0.54,77.26,45,0,15789,4431,372,6059,19,4908
2019,4,YV,Mesa Airlines Inc.,BOS,"Boston, MA: Logan International",3,1,0,0,1,0,0,0,0,1002,0,0,1002,0,0
2019,4,YX,Republic Airline,BOS,"Boston, MA: Logan International",674,190,43.97,1.96,94.95,0,49.12,17,0,14345,5064,167,5785,0,3329
2019,5,F9,Frontier Airlines Inc.,BOS,"Boston, MA: Logan International",80,18,4.43,0.83,4.43,0,8.32,1,0,1569,428,66,130,0,945
2019,5,HA,Hawaiian Airlines Inc.,BOS,"Boston, MA: Logan International",23,8,6.81,0,0.95,0.24,0,0,0,353,308,0,35,10,0
2019,5,MQ,Envoy Air,BOS,"Boston, MA: Logan International",2,1,1,0,0,0,0,0,0,18,18,0,0,0,0
2019,5,NK,Spirit Air Lines,BOS,"Boston, MA: Logan International",462,114,13.81,5.64,66.65,1,26.9,8,0,7046,1052,276,4008,48,1662
2019,5,YX,Republic Airline,BOS,"Boston, MA: Logan International",930,195,37.53,5.87,116.79,0,34.8,16,0,12289,3345,312,6151,0,2481
2019,5,OO,SkyWest Airlines Inc.,BOS,"Boston, MA: Logan International",255,65,10.6,3.43,24.42,0.51,26.04,1,0,4510,755,384,1284,82,2005
2019,5,UA,United Air Lines Inc.,BOS,"Boston, MA: Logan International",1184,328,58.68,18.19,140.01,0,111.11,6,0,22279,2904,1711,8155,0,9509
2019,5,WN,Southwest Airlines Co.,BOS,"Boston, MA: Logan International",972,239,82.29,10.91,60.71,1,84.09,23,1,15627,5019,901,3673,15,6019
2019,5,9E,Endeavor Air Inc.,BOS,"Boston, MA: Logan International",418,99,14.43,3.02,43.16,0,38.39,3,0,7732,1173,243,2933,0,3383
2019,5,AA,American Airlines Inc.,BOS,"Boston, MA: Logan International",2319,656,158.38,19.44,243.95,0.27,233.97,83,0,41744,9704,1764,12328,4,17944
2019,5,AS,Alaska Airlines Inc.,BOS,"Boston, MA: Logan International",275,61,15.5,0,35.86,1,8.64,0,0,3085,853,0,1855,45,332
2019,5,B6,JetBlue Airways,BOS,"Boston, MA: Logan International",4513,1120,227.45,12.74,441.77,1.37,436.68,16,8,82016,19426,1756,25888,31,34915
2019,5,DL,Delta Air Lines Inc.,BOS,"Boston, MA: Logan International",1568,302,66.69,3.8,155.25,0,76.26,0,1,22478,5805,446,8813,0,7414
2019,6,9E,Endeavor Air Inc.,BOS,"Boston, MA: Logan International",392,119,15.22,1.04,53.23,0,49.5,7,0,11887,1825,87,4348,0,5627
2019,6,AA,American Airlines Inc.,BOS,"Boston, MA: Logan International",2159,575,152.48,23.05,181.1,1.18,217.2,106,4,38944,10520,1415,9774,63,17172
2019,6,AS,Alaska Airlines Inc.,BOS,"Boston, MA: Logan International",294,50,12.79,0,32.84,0.32,4.06,0,1,2353,777,0,1372,6,198
2019,6,B6,JetBlue Airways,BOS,"Boston, MA: Logan International",4307,1275,283.11,27,438.75,1.85,524.29,22,16,96202,23985,2283,26703,74,43157
2019,6,DL,Delta Air Lines Inc.,BOS,"Boston, MA: Logan International",1615,412,108.68,16.37,180.47,0,106.48,3,4,27490,9103,1944,8738,0,7705
2019,6,F9,Frontier Airlines Inc.,BOS,"Boston, MA: Logan International",76,36,15.2,0.3,10.72,0,9.79,1,0,3111,1106,26,594,0,1385
2019,6,HA,Hawaiian Airlines Inc.,BOS,"Boston, MA: Logan International",26,8,7.92,0,0,0,0.08,0,0,313,311,0,0,0,2
2019,6,NK,Spirit Air Lines,BOS,"Boston, MA: Logan International",450,150,21.72,10.14,79.52,0.69,37.93,10,0,12027,1280,960,6067,57,3663
2019,12,F9,Frontier Airlines Inc.,BOS,"Boston, MA: Logan International",59,15,3.6,0,7.31,0,4.09,0,0,1390,217,0,382,0,791
2019,12,HA,Hawaiian Airlines Inc.,BOS,"Boston, MA: Logan International",22,7,6,1,0,0,0,0,0,267,245,22,0,0,0
2019,12,NK,Spirit Air Lines,BOS,"Boston, MA: Logan International",403,115,14.8,0,80.59,1,18.61,7,0,7794,1030,0,5399,92,1273
2019,12,YV,Mesa Airlines Inc.,BOS,"Boston, MA: Logan International",15,2,2,0,0,0,0,0,0,87,87,0,0,0,0
2019,12,YX,Republic Airline,BOS,"Boston, MA: Logan International",1417,390,71.9,15.02,190.07,0,113.02,116,1,33868,4612,2579,15798,0,10879
2019,12,OH,PSA Airlines Inc.,BOS,"Boston, MA: Logan International",6,2,0,0.36,1.21,0,0.42,4,0,202,0,53,87,0,62
2019,12,OO,SkyWest Airlines Inc.,BOS,"Boston, MA: Logan International",61,20,2.86,0.11,11.71,0.52,4.79,6,0,1625,232,26,978,11,378
2019,12,UA,United Air Lines Inc.,BOS,"Boston, MA: Logan International",1069,316,53.57,5.26,163.64,0,93.53,15,2,26622,4385,682,12746,0,8809
2019,12,WN,Southwest Airlines Co.,BOS,"Boston, MA: Logan International",882,206,70.51,2.34,64.74,0,68.41,33,1,11261,3461,359,4214,0,3227
2019,12,9E,Endeavor Air Inc.,BOS,"Boston, MA: Logan International",420,95,17.02,3.27,41.25,0,33.46,27,0,9480,1539,1260,3623,0,3058
2019,12,AA,American Airlines Inc.,BOS,"Boston, MA: Logan International",1956,533,90.93,15.68,256.1,0.03,170.26,39,1,38284,6200,1654,16788,4,13638
2019,12,AS,Alaska Airlines Inc.,BOS,"Boston, MA: Logan International",215,69,11.96,2.28,47.07,0,7.69,1,0,3925,598,90,2963,0,274
2019,12,B6,JetBlue Airways,BOS,"Boston, MA: Logan International",4494,1472,328.55,9.32,497.19,1.15,635.79,76,8,160383,37593,2093,45481,37,75179
2019,12,DL,Delta Air Lines Inc.,BOS,"Boston, MA: Logan International",1549,422,72.21,12.94,239.05,0,97.8,11,0,34212,4215,1130,20793,0,8074
2019,6,OO,SkyWest Airlines Inc.,BOS,"Boston, MA: Logan International",257,72,14.65,5.3,26.06,0,25.98,2,1,6255,1746,513,1841,0,2155
2019,6,UA,United Air Lines Inc.,BOS,"Boston, MA: Logan International",1183,388,79.87,24.64,140.81,0,142.68,14,2,30937,5855,2686,8566,0,13830
2019,6,WN,Southwest Airlines Co.,BOS,"Boston, MA: Logan International",922,279,88.28,13.27,89.31,1,87.13,6,3,18722,5996,1094,5451,46,6135
2019,6,YV,Mesa Airlines Inc.,BOS,"Boston, MA: Logan International",4,2,0,0,1,0,1,0,0,211,0,0,144,0,67
2019,6,YX,Republic Airline,BOS,"Boston, MA: Logan International",924,243,52.03,2.48,128.16,0,60.33,11,5,17451,3480,413,8062,0,5496
2019,7,9E,Endeavor Air Inc.,BOS,"Boston, MA: Logan International",376,85,18.26,0.67,27.6,0,38.48,20,1,7752,1750,45,2725,0,3232
2019,7,AA,American Airlines Inc.,BOS,"Boston, MA: Logan International",2215,551,147.11,31.15,177.77,0.46,194.5,107,5,36838,10089,2958,8950,18,14823
2019,7,AS,Alaska Airlines Inc.,BOS,"Boston, MA: Logan International",310,57,8.82,0,39.67,0,8.51,0,2,3145,1029,0,1712,0,404
2019,7,B6,JetBlue Airways,BOS,"Boston, MA: Logan International",4509,1235,303.02,31.15,398.1,0.77,501.96,80,11,117487,31116,3645,30494,42,52190
2019,7,DL,Delta Air Lines Inc.,BOS,"Boston, MA: Logan International",1642,416,105.99,23.31,183.41,0,103.28,6,3,39579,11440,3548,14883,0,9708
2019,7,UA,United Air Lines Inc.,BOS,"Boston, MA: Logan International",1242,353,68.89,20.97,129.42,0,133.73,22,6,28867,5885,2097,6946,0,13939
2019,7,WN,Southwest Airlines Co.,BOS,"Boston, MA: Logan International",946,240,85.89,5.77,79.73,1,67.62,16,3,17442,6676,749,5734,29,4254
2019,7,YV,Mesa Airlines Inc.,BOS,"Boston, MA: Logan International",4,1,0,0,0,0,1,0,0,137,0,0,0,0,137
2019,7,YX,Republic Airline,BOS,"Boston, MA: Logan International",884,175,41.66,6.45,88.59,0.25,38.06,41,3,12346,4362,576,4746,6,2656
2019,7,F9,Frontier Airlines Inc.,BOS,"Boston, MA: Logan International",80,29,10.92,1.49,12.33,0,4.26,1,0,1744,695,49,613,0,387
2019,7,HA,Hawaiian Airlines Inc.,BOS,"Boston, MA: Logan International",26,6,5.75,0,0.25,0,0,0,0,167,163,0,4,0,0
2019,7,NK,Spirit Air Lines,BOS,"Boston, MA: Logan International",465,137,26.45,12.58,69.75,0.53,27.69,8,4,11223,1741,1642,5170,38,2632
2019,7,OO,SkyWest Airlines Inc.,BOS,"Boston, MA: Logan International",234,51,11.9,5.39,21.65,0,12.05,8,0,3377,553,573,1209,0,1042
2019,8,9E,Endeavor Air Inc.,BOS,"Boston, MA: Logan International",425,100,17.7,3.85,35.33,0,43.11,20,2,9092,2253,332,3161,0,3346
2019,8,AA,American Airlines Inc.,BOS,"Boston, MA: Logan International",2262,568,148.84,31.24,177.67,1.09,209.16,73,3,38602,9030,2566,11981,24,15001
2019,8,AS,Alaska Airlines Inc.,BOS,"Boston, MA: Logan International",303,67,25.91,0,26.11,0,14.98,2,2,3366,1459,0,1075,0,832
2019,8,B6,JetBlue Airways,BOS,"Boston, MA: Logan International",4599,1324,336.14,38.63,326.73,0.65,621.84,47,11,121151,30882,3942,26318,24,59985
2019,8,DL,Delta Air Lines Inc.,BOS,"Boston, MA: Logan International",1696,412,105.61,12.02,181.97,0,112.41,7,0,31996,9401,1144,12644,0,8807
2019,8,F9,Frontier Airlines Inc.,BOS,"Boston, MA: Logan International",80,16,5.7,0,3.34,0,6.96,1,1,1154,264,0,233,0,657
2019,8,HA,Hawaiian Airlines Inc.,BOS,"Boston, MA: Logan International",27,7,6.78,0,0.22,0,0,0,0,194,190,0,4,0,0
2019,8,NK,Spirit Air Lines,BOS,"Boston, MA: Logan International",465,149,29.89,9.31,70.52,0,39.28,19,0,11113,2322,620,5252,0,2919
2019,8,OH,PSA Airlines Inc.,BOS,"Boston, MA: Logan International",2,0,0,0,0,0,0,0,0,0,0,0,0,0,0
2019,8,OO,SkyWest Airlines Inc.,BOS,"Boston, MA: Logan International",195,36,6.45,3.87,10.46,0,15.22,7,1,3145,795,320,657,0,1373
2019,8,UA,United Air Lines Inc.,BOS,"Boston, MA: Logan International",1319,344,76.41,14.37,110.27,0,142.95,13,1,28769,6182,1814,7057,0,13716
2019,8,WN,Southwest Airlines Co.,BOS,"Boston, MA: Logan International",929,207,64.39,6.78,64.96,0.44,70.43,17,1,12972,3760,542,4650,8,4012
2019,8,YV,Mesa Airlines Inc.,BOS,"Boston, MA: Logan International",8,1,1,0,0,0,0,0,0,26,26,0,0,0,0
2019,8,YX,Republic Airline,BOS,"Boston, MA: Logan International",1062,238,53.05,4.25,113.18,0,67.52,32,9,18199,3782,206,8427,0,5784
2019,9,9E,Endeavor Air Inc.,BOS,"Boston, MA: Logan International",330,31,6.59,0,16.13,0,8.29,3,0,2505,481,0,1389,0,635
2019,9,AA,American Airlines Inc.,BOS,"Boston, MA: Logan International",2064,332,102.43,7.75,102.18,0,119.64,20,0,21068,6550,620,5532,0,8366
2019,9,AS,Alaska Airlines Inc.,BOS,"Boston, MA: Logan International",266,42,14.74,1.5,15.42,0,10.34,0,0,2158,1110,76,535,0,437
2019,9,B6,JetBlue Airways,BOS,"Boston, MA: Logan International",4540,683,210.94,5.67,180.55,0,285.84,42,2,57510,22954,635,8939,0,24982
2019,9,DL,Delta Air Lines Inc.,BOS,"Boston, MA: Logan International",1596,192,51.01,3.89,86.71,1,49.39,5,2,10137,3405,200,3538,26,2968
2019,9,F9,Frontier Airlines Inc.,BOS,"Boston, MA: Logan International",77,10,1.41,0,3.62,0,4.97,3,0,463,48,0,86,0,329
2019,9,HA,Hawaiian Airlines Inc.,BOS,"Boston, MA: Logan International",23,8,8,0,0,0,0,0,0,680,680,0,0,0,0
2019,9,NK,Spirit Air Lines,BOS,"Boston, MA: Logan International",380,58,9.92,2.08,32.38,0,13.63,21,0,3398,453,118,1631,0,1196
2019,9,OO,SkyWest Airlines Inc.,BOS,"Boston, MA: Logan International",180,21,4.4,2.01,5.58,0,9.01,1,0,1208,305,175,240,0,488
2019,9,UA,United Air Lines Inc.,BOS,"Boston, MA: Logan International",1184,201,34.09,6.95,75.55,0,84.41,9,1,13917,1880,652,3763,0,7622
2019,9,WN,Southwest Airlines Co.,BOS,"Boston, MA: Logan International",832,109,40.98,1.87,44.08,0,22.07,4,1,7241,2856,345,2848,0,1192
2019,9,YX,Republic Airline,BOS,"Boston, MA: Logan International",892,97,27.03,1.89,55.71,0,12.37,1,0,5558,1755,293,2852,0,658
2019,10,9E,Endeavor Air Inc.,BOS,"Boston, MA: Logan International",397,59,7,0,39.06,0,12.94,3,0,3709,264,0,2351,0,1094
2019,10,AA,American Airlines Inc.,BOS,"Boston, MA: Logan International",2162,484,104.06,4.36,211.79,0.24,163.55,33,1,31034,6136,695,12015,28,12160
2019,10,AS,Alaska Airlines Inc.,BOS,"Boston, MA: Logan International",272,53,8.65,1.2,30.64,0,12.51,0,1,2454,602,134,1229,0,489
2019,10,B6,JetBlue Airways,BOS,"Boston, MA: Logan International",4806,1063,231.79,6.41,473.23,0.66,350.91,13,4,83315,23871,967,31136,23,27318
2019,10,DL,Delta Air Lines Inc.,BOS,"Boston, MA: Logan International",1683,314,56.21,1,178.43,0,78.36,0,1,19539,3438,464,10831,0,4806
2019,10,F9,Frontier Airlines Inc.,BOS,"Boston, MA: Logan International",79,14,4.06,0,3.07,0,6.87,0,0,856,148,0,155,0,553
2019,10,HA,Hawaiian Airlines Inc.,BOS,"Boston, MA: Logan International",21,5,5,0,0,0,0,0,0,296,296,0,0,0,0
2019,10,NK,Spirit Air Lines,BOS,"Boston, MA: Logan International",366,76,11.66,0,52.71,0,11.63,4,0,4882,505,0,3463,0,914
2019,10,OO,SkyWest Airlines Inc.,BOS,"Boston, MA: Logan International",138,32,3.57,0.62,17.57,0,10.24,0,0,2424,501,26,1205,0,692
2019,10,UA,United Air Lines Inc.,BOS,"Boston, MA: Logan International",1262,256,37.5,2.72,126.11,0,89.67,3,2,19603,2905,784,7379,0,8535
2019,10,WN,Southwest Airlines Co.,BOS,"Boston, MA: Logan International",901,188,54.35,6,74.43,1,52.22,4,2,11068,3143,468,4693,77,2687
2019,10,YV,Mesa Airlines Inc.,BOS,"Boston, MA: Logan International",1,0,0,0,0,0,0,0,0,0,0,0,0,0,0
2019,10,YX,Republic Airline,BOS,"Boston, MA: Logan International",1432,289,38.51,3.97,177.47,0,69.05,2,0,21936,3647,414,12662,0,5213
2019,11,9E,Endeavor Air Inc.,BOS,"Boston, MA: Logan International",296,36,6.37,0.83,18.28,0,10.51,0,1,2050,378,25,884,0,763
2019,11,AA,American Airlines Inc.,BOS,"Boston, MA: Logan International",1974,353,82.33,2.93,160.3,0.32,107.11,11,0,21692,6157,317,7216,7,7995
2019,11,AS,Alaska Airlines Inc.,BOS,"Boston, MA: Logan International",207,29,7.17,0,15.84,0,5.99,0,0,1286,426,0,534,0,326
2019,11,B6,JetBlue Airways,BOS,"Boston, MA: Logan International",4618,1037,280.36,4.43,414.56,0.12,337.54,6,1,65737,22310,433,19923,7,23064
2019,11,DL,Delta Air Lines Inc.,BOS,"Boston, MA: Logan International",1499,224,55,2.46,124.85,0,41.68,1,0,13299,4363,103,6656,0,2177
2019,11,F9,Frontier Airlines Inc.,BOS,"Boston, MA: Logan International",72,8,4.11,0.59,0.62,0,2.69,1,0,876,415,61,86,0,314
2019,11,HA,Hawaiian Airlines Inc.,BOS,"Boston, MA: Logan International",22,6,6,0,0,0,0,0,0,144,144,0,0,0,0
2019,11,MQ,Envoy Air,BOS,"Boston, MA: Logan International",1,1,0.76,0,0.24,0,0,0,0,78,59,0,19,0,0
2019,11,NK,Spirit Air Lines,BOS,"Boston, MA: Logan International",398,64,8.07,0,45.72,0,10.21,2,0,3787,299,0,2030,0,1458
2019,11,OH,PSA Airlines Inc.,BOS,"Boston, MA: Logan International",17,4,1.04,0,0.45,0,2.51,1,0,234,35,0,21,0,178
2019,11,OO,SkyWest Airlines Inc.,BOS,"Boston, MA: Logan International",150,28,5.3,1.6,12.49,0,8.61,0,0,2067,586,112,590,0,779
2019,11,UA,United Air Lines Inc.,BOS,"Boston, MA: Logan International",1172,233,49.98,1.74,109.19,0,72.1,7,1,15779,3657,95,5762,0,6265
2019,11,WN,Southwest Airlines Co.,BOS,"Boston, MA: Logan International",823,130,48.69,5.91,34.56,0.89,39.96,11,1,5722,2081,418,1319,17,1887
2019,11,YV,Mesa Airlines Inc.,BOS,"Boston, MA: Logan International",4,1,1,0,0,0,0,0,0,84,84,0,0,0,0
2019,11,YX,Republic Airline,BOS,"Boston, MA: Logan International",1354,224,43.3,1.94,140.73,0,38.02,3,0,13900,3542,62,7832,0,2464
2019,1,9E,Endeavor Air Inc.,BOS,"Boston, MA: Logan International",448,78,11.18,4.2,34.54,0,28.08,33,0,7647,974,444,2888,0,3341
2019,1,AA,American Airlines Inc.,BOS,"Boston, MA: Logan International",2130,471,98.38,31.16,204.65,0.53,136.28,153,1,31425,5294,2541,13986,20,9584
2019,1,AS,Alaska Airlines Inc.,BOS,"Boston, MA: Logan International",213,33,8.39,0,21.06,0,3.55,7,0,2192,415,0,1670,0,107
2019,1,B6,JetBlue Airways,BOS,"Boston, MA: Logan International",4303,1134,279.44,10.93,370.49,0.76,472.37,289,8,124001,30216,1585,39730,31,52439
2019,1,DL,Delta Air Lines Inc.,BOS,"Boston, MA: Logan International",1340,338,67.95,21.79,155.58,0,92.68,2,4,42206,9502,7091,16724,0,8889
2019,1,EV,ExpressJet Airlines Inc.,BOS,"Boston, MA: Logan International",67,12,1.93,0.52,6.23,0,3.32,5,0,1344,340,43,548,0,413
2019,1,MQ,Envoy Air,BOS,"Boston, MA: Logan International",62,6,1.91,0,2.15,0,1.93,9,0,298,110,0,130,0,58
2019,1,OO,SkyWest Airlines Inc.,SFO,"San Francisco, CA: San Francisco International",3394,929,107.59,17.85,466.98,1.01,335.56,289,29,105380,18081,3787,53967,39,29506
2019,1,UA,United Air Lines Inc.,SFO,"San Francisco, CA: San Francisco International",4303,1073,160.99,32.49,664.23,0,215.3,40,9,104266,16046,3238,64286,0,20696
2019,1,WN,Southwest Airlines Co.,SFO,"San Francisco, CA: San Francisco International",1207,318,51.39,7.04,152.23,0,107.34,87,0,24422,3270,569,12330,0,8253
2019,2,AA,American Airlines Inc.,SFO,"San Francisco, CA: San Francisco International",972,395,74.48,6.2,244.25,0,70.08,21,6,23813,4598,298,14460,0,4457
2019,2,AS,Alaska Airlines Inc.,SFO,"San Francisco, CA: San Francisco International",1855,701,84.88,19.21,414.52,0,182.39,136,26,49212,4883,2424,27491,0,14414
2019,2,B6,JetBlue Airways,SFO,"San Francisco, CA: San Francisco International",406,149,31.21,2.55,100.32,0,14.92,4,0,11525,3188,619,6605,0,1113
2019,2,DL,Delta Air Lines Inc.,SFO,"San Francisco, CA: San Francisco International",975,338,48.86,12.52,224.45,1,51.18,0,1,25117,3826,2287,14361,38,4605
2019,2,F9,Frontier Airlines Inc.,SFO,"San Francisco, CA: San Francisco International",62,31,6.04,0.32,17.12,0,7.51,0,0,2287,293,12,1296,0,686
2019,2,HA,Hawaiian Airlines Inc.,SFO,"San Francisco, CA: San Francisco International",56,15,7.31,0,1,0,6.69,0,0,907,235,0,23,0,649
2019,2,OO,SkyWest Airlines Inc.,SFO,"San Francisco, CA: San Francisco International",3131,1012,106.48,15.34,544.03,1.49,344.66,315,24,102500,22395,5077,45144,92,29792
2019,2,UA,United Air Lines Inc.,SFO,"San Francisco, CA: San Francisco International",3789,1188,156.01,24.3,794.36,0,213.34,27,6,103128,13075,5541,64112,0,20400
2019,2,WN,Southwest Airlines Co.,SFO,"San Francisco, CA: San Francisco International",1068,381,85.42,6.66,139.43,1,148.49,111,3,31395,6268,562,11345,15,13205
2019,3,AA,American Airlines Inc.,SFO,"San Francisco, CA: San Francisco International",1092,398,63.96,6.2,243.77,1.99,82.08,16,5,26677,5096,724,14753,114,5990
2019,3,AS,Alaska Airlines Inc.,SFO,"San Francisco, CA: San Francisco International",1958,525,74.09,5.26,290.12,0,155.52,72,11,30892,5411,393,15815,0,9273
2019,3,B6,JetBlue Airways,SFO,"San Francisco, CA: San Francisco International",450,116,19.34,1.22,79.8,0,15.64,4,0,7953,1700,95,4444,0,1714
2019,3,DL,Delta Air Lines Inc.,SFO,"San Francisco, CA: San Francisco International",1146,309,43.69,6.65,221.93,0,36.72,0,0,21750,4289,523,13637,0,3301
2019,3,F9,Frontier Airlines Inc.,SFO,"San Francisco, CA: San Francisco International",84,30,6.5,0.62,18.55,0,4.34,1,0,2424,667,29,1350,0,378
2019,3,HA,Hawaiian Airlines Inc.,SFO,"San Francisco, CA: San Francisco International",62,17,9.93,0,0,0,7.07,0,0,607,282,0,0,0,325
2019,3,OO,SkyWest Airlines Inc.,SFO,"San Francisco, CA: San Francisco International",3780,1210,123.45,11.15,656.55,0,418.85,169,28,114511,21096,867,52996,0,39552
2019,3,UA,United Air Lines Inc.,SFO,"San Francisco, CA: San Francisco International",4595,1349,180.74,14.64,851.94,0,301.68,26,5,99025,12668,1411,57613,0,27333
2019,3,WN,Southwest Airlines Co.,SFO,"San Francisco, CA: San Francisco International",1212,385,93.33,2,142.47,0.12,147.07,103,2,27217,6464,172,10430,9,10142
2019,4,AA,American Airlines Inc.,SFO,"San Francisco, CA: San Francisco International",1052,242,81.09,8.97,87.78,0,64.16,24,0,14760,5494,818,3965,0,4483
2019,4,AS,Alaska Airlines Inc.,SFO,"San Francisco, CA: San Francisco International",1814,361,81.17,5.93,156.44,0,117.46,29,6,18212,4280,444,6548,0,6940
2019,4,B6,JetBlue Airways,SFO,"San Francisco, CA: San Francisco International",438,86,29.51,1.49,35.41,0,19.59,2,0,6298,2109,96,1559,0,2534
2019,4,DL,Delta Air Lines Inc.,SFO,"San Francisco, CA: San Francisco International",1135,179,41.92,2.58,101.45,0,33.05,0,2,10052,2593,442,3993,0,3024
2019,4,F9,Frontier Airlines Inc.,SFO,"San Francisco, CA: San Francisco International",84,22,8.24,0,8.49,0,5.27,0,0,1136,330,0,314,0,492
2019,4,HA,Hawaiian Airlines Inc.,SFO,"San Francisco, CA: San Francisco International",60,15,15,0,0,0,0,0,0,445,445,0,0,0,0
2019,4,OO,SkyWest Airlines Inc.,SFO,"San Francisco, CA: San Francisco International",3333,597,77.86,3.36,325.77,0,190.01,19,21,40291,9313,483,17325,0,13170
2019,4,UA,United Air Lines Inc.,SFO,"San Francisco, CA: San Francisco International",4757,859,190.75,22.22,354.05,0,291.98,23,3,63070,16116,1751,16552,0,28651
2019,4,WN,Southwest Airlines Co.,SFO,"San Francisco, CA: San Francisco International",1170,282,88.71,2.5,85.05,0.28,105.45,56,0,14587,4679,133,3717,11,6047
2019,5,F9,Frontier Airlines Inc.,SFO,"San Francisco, CA: San Francisco International",117,60,12.52,0.22,24.57,0,22.68,1,0,3770,594,44,1412,0,1720
2019,5,HA,Hawaiian Airlines Inc.,SFO,"San Francisco, CA: San Francisco International",62,22,19.8,0,0,1.2,1,0,0,726,663,0,0,40,23
2019,5,OO,SkyWest Airlines Inc.,SFO,"San Francisco, CA: San Francisco International",3378,911,87.7,14.11,523.23,0,285.96,86,22,74648,14546,1729,36013,0,22360
2019,5,UA,United Air Lines Inc.,SFO,"San Francisco, CA: San Francisco International",4845,1245,198.26,39.79,657.58,0,349.36,18,5,105511,20451,5991,41217,0,37852
2019,5,WN,Southwest Airlines Co.,SFO,"San Francisco, CA: San Francisco International",1194,400,92.25,7.45,147.47,1,151.84,59,0,27392,6544,696,9640,28,10484
2019,5,AA,American Airlines Inc.,SFO,"San Francisco, CA: San Francisco International",1176,426,103.79,13.95,187.74,1.2,119.32,31,4,30232,8475,1722,9957,57,10021
2019,5,AS,Alaska Airlines Inc.,SFO,"San Francisco, CA: San Francisco International",1891,546,67.68,7.91,341.67,0,128.74,26,5,29581,4049,715,16821,0,7996
2019,5,B6,JetBlue Airways,SFO,"San Francisco, CA: San Francisco International",453,128,26.23,1.95,81.03,0,18.79,1,0,8409,1857,66,4497,0,1989
2019,5,DL,Delta Air Lines Inc.,SFO,"San Francisco, CA: San Francisco International",1248,298,39.79,2,231.6,0,24.61,0,0,16388,2423,135,12491,0,1339
2019,6,AA,American Airlines Inc.,SFO,"San Francisco, CA: San Francisco International",1215,403,116.61,13.07,127.61,1.53,144.17,72,0,23746,6668,947,5261,104,10766
2019,6,AS,Alaska Airlines Inc.,SFO,"San Francisco, CA: San Francisco International",1939,480,95.36,12.01,219.82,2.35,150.46,46,3,27532,7143,1269,8968,355,9797
2019,6,B6,JetBlue Airways,SFO,"San Francisco, CA: San Francisco International",438,108,30.13,3.66,57.13,0,17.08,0,1,5777,2132,152,2027,0,1466
2019,6,DL,Delta Air Lines Inc.,SFO,"San Francisco, CA: San Francisco International",1401,321,87.08,8.24,154.41,0,71.27,0,1,13942,4309,595,5429,0,3609
2019,6,F9,Frontier Airlines Inc.,SFO,"San Francisco, CA: San Francisco International",153,58,14.79,1.83,26.04,0,15.35,6,0,2666,618,103,1113,0,832
2019,6,HA,Hawaiian Airlines Inc.,SFO,"San Francisco, CA: San Francisco International",60,17,15.12,0,0,1,0.88,0,0,741,571,0,0,152,18
2019,12,F9,Frontier Airlines Inc.,SFO,"San Francisco, CA: San Francisco International",124,59,7.4,0,42.85,0,8.74,4,1,4436,377,0,3176,0,883
2019,12,HA,Hawaiian Airlines Inc.,SFO,"San Francisco, CA: San Francisco International",92,25,22.14,0,0,0,2.86,0,0,820,761,0,0,0,59
2019,12,WN,Southwest Airlines Co.,SFO,"San Francisco, CA: San Francisco International",1194,435,88.1,7.49,193.05,0,146.36,76,1,33218,6585,1039,15283,0,10311
2019,12,OO,SkyWest Airlines Inc.,SFO,"San Francisco, CA: San Francisco International",3560,1187,128.03,11.3,652.73,0.65,394.29,224,32,117498,27242,1724,52812,15,35705
2019,12,UA,United Air Lines Inc.,SFO,"San Francisco, CA: San Francisco International",4451,1433,200.91,16.28,915.72,0,300.09,22,5,109305,18460,1364,61151,0,28330
2019,12,AA,American Airlines Inc.,SFO,"San Francisco, CA: San Francisco International",1149,409,73.19,3.92,264.31,0,67.59,7,10,28922,3890,423,19714,0,4895
2019,12,AS,Alaska Airlines Inc.,SFO,"San Francisco, CA: San Francisco International",1808,601,89.23,3.58,337,1,170.18,38,0,40938,6387,402,21088,22,13039
2019,12,B6,JetBlue Airways,SFO,"San Francisco, CA: San Francisco International",426,135,21.96,1.89,94.35,0,16.8,1,1,13391,3076,518,7803,0,1994
2019,12,DL,Delta Air Lines Inc.,SFO,"San Francisco, CA: San Francisco International",1234,406,53.52,14.82,283.48,0,54.18,0,0,36694,4776,1207,26323,0,4388
2019,6,OO,SkyWest Airlines Inc.,SFO,"San Francisco, CA: San Francisco International",3251,701,102.83,12.31,297.35,1,287.51,40,5,54149,18619,1324,14931,46,19229
2019,6,UA,United Air Lines Inc.,SFO,"San Francisco, CA: San Francisco International",5067,1255,314.09,61.8,451.3,1.73,426.08,20,6,87146,24339,4344,19810,45,38608
2019,6,WN,Southwest Airlines Co.,SFO,"San Francisco, CA: San Francisco International",1272,407,99.4,3.26,124.61,1.29,178.44,45,0,22225,5789,316,5678,128,10314
2019,7,AA,American Airlines Inc.,SFO,"San Francisco, CA: San Francisco International",1228,384,119.17,16.02,103.69,1,144.12,42,0,27263,9179,1408,5401,56,11219
2019,7,AS,Alaska Airlines Inc.,SFO,"San Francisco, CA: San Francisco International",2039,396,83.02,12.05,162.15,1,137.78,23,2,25209,5944,1245,7632,19,10369
2019,7,B6,JetBlue Airways,SFO,"San Francisco, CA: San Francisco International",457,88,25.97,3.67,34.73,0,23.62,0,0,6455,2093,288,1487,0,2587
2019,7,DL,Delta Air Lines Inc.,SFO,"San Francisco, CA: San Francisco International",1540,296,95.91,8.91,128.1,0.63,62.45,4,0,22102,10690,1103,6247,35,4027
2019,7,OO,SkyWest Airlines Inc.,SFO,"San Francisco, CA: San Francisco International",3334,685,87.34,3.98,299.84,0,293.84,13,6,52724,14553,160,17825,0,20186
2019,7,UA,United Air Lines Inc.,SFO,"San Francisco, CA: San Francisco International",5356,1187,273.66,81.2,368.06,0,464.08,36,4,97280,26229,9591,18914,0,42546
2019,7,WN,Southwest Airlines Co.,SFO,"San Francisco, CA: San Francisco International",1360,305,64.49,4.52,108.7,0,127.29,32,0,16851,3934,381,5458,0,7078
2019,7,F9,Frontier Airlines Inc.,SFO,"San Francisco, CA: San Francisco International",155,61,22.53,1,19.49,0,17.97,3,0,3169,1047,18,941,0,1163
2019,7,HA,Hawaiian Airlines Inc.,SFO,"San Francisco, CA: San Francisco International",62,24,22.03,0,0.21,0.28,1.48,0,0,697,662,0,4,5,26
2019,8,AA,American Airlines Inc.,SFO,"San Francisco, CA: San Francisco International",1305,380,104.25,14.62,152.44,2.59,106.1,20,3,23801,7804,1471,6504,288,7734
2019,8,AS,Alaska Airlines Inc.,SFO,"San Francisco, CA: San Francisco International",2177,550,93.47,10.54,265.08,0,180.91,53,3,34996,7297,903,14968,0,11828
2019,8,B6,JetBlue Airways,SFO,"San Francisco, CA: San Francisco International",455,97,27.44,1.85,46.94,0,20.77,0,0,7444,1819,695,2745,0,2185
2019,8,DL,Delta Air Lines Inc.,SFO,"San Francisco, CA: San Francisco International",1579,384,82.45,6.26,217.07,0,78.22,1,1,22723,6746,825,10318,0,4834
2019,8,F9,Frontier Airlines Inc.,SFO,"San Francisco, CA: San Francisco International",162,56,13.87,0,25.3,0,16.84,3,0,3348,954,0,1299,0,1095
2019,8,HA,Hawaiian Airlines Inc.,SFO,"San Francisco, CA: San Francisco International",62,16,14.28,0,0,0,1.72,2,0,623,581,0,0,0,42
2019,8,OO,SkyWest Airlines Inc.,SFO,"San Francisco, CA: San Francisco International",3348,827,98.14,9.18,402.41,0,317.27,31,6,69976,18567,1458,28007,0,21944
2019,8,UA,United Air Lines Inc.,SFO,"San Francisco, CA: San Francisco International",6252,1499,276.89,53.58,651.43,0,517.1,40,7,111086,24714,7191,35438,0,43743
2019,8,WN,Southwest Airlines Co.,SFO,"San Francisco, CA: San Francisco International",1381,333,79.22,4.44,154.25,0,95.09,58,0,17774,4612,543,7682,0,4937
2019,9,AA,American Airlines Inc.,SFO,"San Francisco, CA: San Francisco International",1134,468,58.76,4.02,289.19,0.18,115.85,39,4,50470,3481,356,32172,37,14424
2019,9,AS,Alaska Airlines Inc.,SFO,"San Francisco, CA: San Francisco International",1748,391,76.08,7.28,218.84,0,88.81,18,0,23089,5005,759,12150,0,5175
2019,9,B6,JetBlue Airways,SFO,"San Francisco, CA: San Francisco International",415,134,14.88,0,109.36,0.14,9.63,3,0,15556,1251,0,13354,12,939
2019,9,DL,Delta Air Lines Inc.,SFO,"San Francisco, CA: San Francisco International",1272,479,54.33,3.82,369.9,0,50.95,0,0,44878,6870,227,33234,0,4547
2019,9,F9,Frontier Airlines Inc.,SFO,"San Francisco, CA: San Francisco International",152,76,14.14,0,50.41,0,11.45,3,0,7090,1183,0,4635,0,1272
2019,9,HA,Hawaiian Airlines Inc.,SFO,"San Francisco, CA: San Francisco International",59,23,23,0,0,0,0,3,0,847,847,0,0,0,0
2019,9,OO,SkyWest Airlines Inc.,SFO,"San Francisco, CA: San Francisco International",2841,691,76.87,4.04,472.74,0.35,137,272,73,78647,14990,219,49833,13,13592
2019,9,UA,United Air Lines Inc.,SFO,"San Francisco, CA: San Francisco International",4505,1345,126.39,12.82,955.28,0,250.51,53,8,129863,13623,932,88311,0,26997
2019,9,WN,Southwest Airlines Co.,SFO,"San Francisco, CA: San Francisco International",1220,304,53.99,1,197.24,1,50.77,118,0,23016,3947,54,15538,24,3453
2019,10,AA,American Airlines Inc.,SFO,"San Francisco, CA: San Francisco International",1115,243,83.92,6.55,84.23,0,68.3,12,1,13363,4753,862,2858,0,4890
2019,10,AS,Alaska Airlines Inc.,SFO,"San Francisco, CA: San Francisco International",1908,276,82.44,6.29,82.5,1,103.77,17,1,16263,6404,599,3173,16,6071
2019,10,B6,JetBlue Airways,SFO,"San Francisco, CA: San Francisco International",477,48,23.2,1,16.58,1,6.22,0,0,3407,1422,358,527,16,1084
2019,10,DL,Delta Air Lines Inc.,SFO,"San Francisco, CA: San Francisco International",1389,150,59.49,1,57.01,0,32.5,0,1,8260,4217,39,2165,0,1839
2019,10,F9,Frontier Airlines Inc.,SFO,"San Francisco, CA: San Francisco International",155,37,10.01,2.05,13.8,0,11.13,2,1,1800,371,139,613,0,677
2019,10,HA,Hawaiian Airlines Inc.,SFO,"San Francisco, CA: San Francisco International",78,24,20.88,0,0,3.12,0,1,0,1094,1000,0,0,94,0
2019,10,OO,SkyWest Airlines Inc.,SFO,"San Francisco, CA: San Francisco International",3217,459,89.17,8.4,169.38,0.05,192,13,2,37039,14226,946,6205,1,15661
2019,10,UA,United Air Lines Inc.,SFO,"San Francisco, CA: San Francisco International",4821,606,183.42,7.7,209.22,0,205.67,11,5,37511,14099,518,6971,0,15923
2019,10,WN,Southwest Airlines Co.,SFO,"San Francisco, CA: San Francisco International",1234,156,57.42,3.39,26.87,0,68.32,21,0,7721,3288,179,1182,0,3072
2019,11,AA,American Airlines Inc.,SFO,"San Francisco, CA: San Francisco International",1132,207,49.25,0.14,117.1,1.17,39.34,7,7,11892,2929,31,6161,28,2743
2019,11,AS,Alaska Airlines Inc.,SFO,"San Francisco, CA: San Francisco International",1758,328,45.09,0.18,186.97,0,95.75,22,1,21247,3881,20,11787,0,5559
2019,11,B6,JetBlue Airways,SFO,"San Francisco, CA: San Francisco International",454,71,17.95,0.89,45.59,1,5.57,0,2,3941,1165,56,2311,15,394
2019,11,DL,Delta Air Lines Inc.,SFO,"San Francisco, CA: San Francisco International",1225,185,34.37,4.51,120.42,0,25.7,0,1,16243,4021,1942,7909,0,2371
2019,11,F9,Frontier Airlines Inc.,SFO,"San Francisco, CA: San Francisco International",136,42,6.21,1.64,21.57,0,12.58,2,0,2096,135,44,907,0,1010
2019,11,HA,Hawaiian Airlines Inc.,SFO,"San Francisco, CA: San Francisco International",89,17,14.65,0,1.13,0.74,0.48,0,0,674,471,0,117,64,22
2019,11,OO,SkyWest Airlines Inc.,SFO,"San Francisco, CA: San Francisco International",3177,655,90.92,13,324.24,0,226.84,81,11,60035,16266,1918,23681,0,18170
2019,11,UA,United Air Lines Inc.,SFO,"San Francisco, CA: San Francisco International",4408,779,145.85,9.89,409.8,0,213.46,14,3,56383,12689,1504,23639,0,18551
2019,11,WN,Southwest Airlines Co.,SFO,"San Francisco, CA: San Francisco International",1159,241,51.52,8.36,97.14,0,83.98,34,1,15679,2790,394,7756,0,4739
2019,1,AA,American Airlines Inc.,SFO,"San Francisco, CA: San Francisco International",1066,290,55.2,11.78,163.78,0,59.25,19,7,19005,3502,596,9868,0,5039
2019,1,AS,Alaska Airlines Inc.,SFO,"San Francisco, CA: San Francisco International",2074,593,74.55,17.62,337.44,0,163.39,116,24,46473,5578,1960,25239,0,13696
2019,1,B6,JetBlue Airways,SFO,"San Francisco, CA: San Francisco International",445,121,22.16,2.32,82.41,0,14.11,13,2,11995,1646,242,8462,0,1645
2019,1,DL,Delta Air Lines Inc.,SFO,"San Francisco, CA: San Francisco International",1074,270,35.54,5.39,199.27,0,29.8,2,2,26183,3355,393,20114,0,2321
2019,1,F9,Frontier Airlines Inc.,SFO,"San Francisco, CA: San Francisco International",71,26,6.93,0,16.57,0,2.5,0,0,2215,545,0,1520,0,150
2019,1,HA,Hawaiian Airlines Inc.,SFO,"San Francisco, CA: San Francisco International",68,22,17.79,0,0,2.31,1.89,0,0,757,591,0,0,99,67
